"Vine of Mire": "description 1",
"Bright Flat": "description 2",
"Ash County": "description 3",
"Southknoll	": "description 4",
"Goldwood": "description 5",
"Innslake": "description 6",
"Archersbottom": "description 7",
"room 8": "description 8",
"room 9": "description 9",
"room 10": "description 10",
"room 11": "description 11",
"room 12": "description 12",
"room 13": "description 13",
"room 14": "description 14",
"room 15": "description 15",
"room 16": "description 16",
"room 17": "description 17",
"room 18": "description 18",
"room 19": "description 19",
"room 20": "description 20",
"room 21": "description 21",
"room 22": "description 22",
"room 23": "description 23",
"room 24": "description 24",
"room 25": "description 25",
"room 26": "description 26",
"room 27": "description 27",
"room 28": "description 28",
"room 29": "description 29",
"room 30": "description 30",
"room 31": "description 31",
"room 32": "description 32",
"room 33": "description 33",
"room 34": "description 34",
"room 35": "description 35",
"room 36": "description 36",
"room 37": "description 37",
"room 38": "description 38",
"room 39": "description 39",
"room 40": "description 40",
"room 41": "description 41",
"room 42": "description 42",
"room 43": "description 43",
"room 44": "description 44",
"room 45": "description 45",
"room 46": "description 46",
"room 47": "description 47",
"room 48": "description 48",
"room 49": "description 49",
"room 50": "description 50",
"room 51": "description 51",
"room 52": "description 52",
"room 53": "description 53",
"room 54": "description 54",
"room 55": "description 55",
"room 56": "description 56",
"room 57": "description 57",
"room 58": "description 58",
"room 59": "description 59",
"room 60": "description 60",
"room 61": "description 61",
"room 62": "description 62",
"room 63": "description 63",
"room 64": "description 64",
"room 65": "description 65",
"room 66": "description 66",
"room 67": "description 67",
"room 68": "description 68",
"room 69": "description 69",
"room 70": "description 70",
"room 71": "description 71",
"room 72": "description 72",
"room 73": "description 73",
"room 74": "description 74",
"room 75": "description 75",
"room 76": "description 76",
"room 77": "description 77",
"room 78": "description 78",
"room 79": "description 79",
"room 80": "description 80",
"room 81": "description 81",
"room 82": "description 82",
"room 83": "description 83",
"room 84": "description 84",
"room 85": "description 85",
"room 86": "description 86",
"room 87": "description 87",
"room 88": "description 88",
"room 89": "description 89",
"room 90": "description 90",
"room 92": "description 92",
"room 93": "description 93",
"room 94": "description 94",
"room 95": "description 95",
"room 96": "description 96",
"room 97": "description 97",
"room 98": "description 98",
"room 99": "description 99",
"room 100": "description 100",

